<?xml version="1.0" encoding="UTF-8"?>
<beans:beans xmlns="http://www.springframework.org/schema/mvc"
	xmlns:xsi="http://www.w3.org/2001/XMLSchema-instance"
	xmlns:beans="http://www.springframework.org/schema/beans"
	xmlns:context="http://www.springframework.org/schema/context"
	xsi:schemaLocation="http://www.springframework.org/schema/mvc https://www.springframework.org/schema/mvc/spring-mvc.xsd
		http://www.springframework.org/schema/beans https://www.springframework.org/schema/beans/spring-beans.xsd
		http://www.springframework.org/schema/context https://www.springframework.org/schema/context/spring-context.xsd">

	<!-- DispatcherServlet Context: defines this servlet's request-processing infrastructure -->
	
	<!-- Enables the Spring MVC @Controller programming model -->
	<annotation-driven />

	<!-- Handles HTTP GET requests for /resources/** by efficiently serving up static resources in the ${webappRoot}/resources directory -->
	<resources mapping="/resources/**" location="/resources/" />
	<resources mapping="/images/**" location="/resources/images/" />
	<resources mapping="/css/**" location="/resources/css/" />
	<resources mapping="/fonts/**" location="/resources/fonts/" />

	<!-- Resolves views selected for rendering by @Controllers to .jsp resources in the /WEB-INF/views directory -->
	<beans:bean class="org.springframework.web.servlet.view.InternalResourceViewResolver">
		<beans:property name="prefix" value="/WEB-INF/views/" />
		<beans:property name="suffix" value=".jsp" />
	</beans:bean>
	
	<!-- 파일 업로드에 필요한 빈 설정 -->
	<!-- CommonsMultipartResolver -->
	<beans:bean	id="multipartResolver" class="org.springframework.web.multipart.commons.CommonsMultipartResolver">
		<!-- 한글 인코딩 -->
		<beans:property name="defaultEncoding" value="utf-8"></beans:property>
		<!-- 한번에 최대 올릴 수 있는 파일 사이즈 1024*1024*10 : 10MG-->
		<beans:property name="maxUploadSize" value="1024000000"></beans:property>
		<!-- 파일 한개의 용량 -->
		<beans:property name="maxUploadSizePerFile" value="1024000000"></beans:property>
		<!-- 임시파일을 생성하기전 메모리에 보관할 수 있는 최대 바이트 수 -->
		<beans:property name="maxInMemorySize" value="1024000000"></beans:property>
		
		<!--  파일 저장 경로 설정 가능 -->	
	</beans:bean>
	
	<context:component-scan base-package="com.jslhrd.controller" />
	
	<!-- NaverLoginBO Class에 대한 Bean설정 추가 -->
	<beans:bean id="naverLoginBO" class="com.jslhrd.controller.NaverLoginBO" />
	
	
</beans:beans>
